EmployeeID,FullName,Email,Department,Role,Location,Salary
1,Aarav Agarwal,aagarwal@example.com,Finance,Analyst,Pune,1377150
2,Aarav Anderson,aanderson@example.com,Sales,Lead,Bengaluru,2637433
3,Aarav Babu,ababu@example.com,Finance,Associate,Kochi,483306
4,Aarav Baker,abaker@example.com,HR,Manager,Mumbai,1325850
5,Aarav Banerjee,abanerjee@example.com,QA,Associate,Chennai,2704032
6,Aarav Bennett,abennett@example.com,Sales,Director,Kochi,1274594
7,Aarav Brown,abrown@example.com,Product,Associate,Pune,377257
8,Aarav Chandra,achandra@example.com,Engineering,Specialist,Delhi,1515476
9,Aarav Chen,achen@example.com,Engineering,Engineer,Delhi,778700
10,Aarav Clark,aclark@example.com,Finance,Specialist,Bengaluru,1855668
11,Aarav Collins,acollins@example.com,IT Support,Associate,Pune,532244
12,Aarav Das,adas@example.com,Product,Director,Bengaluru,1937688
13,Aarav Desai,adesai@example.com,Finance,Director,Pune,1866807
14,Aarav Dixon,adixon@example.com,Admin,Engineer,Bengaluru,542201
15,Aarav Fisher,afisher@example.com,Sales,Executive,Bengaluru,1326395
16,Aarav García,agarcía@example.com,Finance,Specialist,Pune,2251740
17,Aarav Gonzalez,agonzalez@example.com,IT Support,Lead,Delhi,1840113
18,Aarav Green,agreen@example.com,Sales,Executive,Bengaluru,1067807
19,Aarav Gupta,agupta@example.com,QA,Engineer,Hyderabad,2288859
20,Aarav Harris,aharris@example.com,Operations,Executive,Gurugram,1271132
21,Aarav Hernandez,ahernandez@example.com,IT Support,Analyst,Mumbai,484638
22,Aarav Iyer,aiyer@example.com,IT Support,Specialist,Pune,627615
23,Aarav Jain,ajain@example.com,Sales,Associate,Delhi,1241820
24,Aarav Johnson,ajohnson@example.com,Product,Specialist,Noida,949246
25,Aarav Jones,ajones@example.com,Marketing,Lead,Mumbai,2704548
26,Aarav Khan,akhan@example.com,QA,Executive,Remote,2146981
27,Aarav Kumar,akumar@example.com,Admin,Specialist,Delhi,1269897
28,Aarav Lakshmi,alakshmi@example.com,Engineering,Director,Noida,731301
29,Aarav Lee,alee@example.com,HR,Manager,Hyderabad,1021013
30,Aarav Lewis,alewis@example.com,Operations,Associate,Bengaluru,1963831
31,Aarav Martinez,amartinez@example.com,Operations,Associate,Noida,2569266
32,Aarav Mehta,amehta@example.com,Marketing,Director,Chennai,830464
33,Aarav Mishra,amishra@example.com,QA,Executive,Delhi,817883
34,Aarav Morgan,amorgan@example.com,Marketing,Specialist,Hyderabad,2253055
35,Aarav Murphy,amurphy@example.com,HR,Executive,Gurugram,1099320
36,Aarav Nguyen,anguyen@example.com,QA,Manager,Pune,2479292
37,Aarav Nolan,anolan@example.com,Admin,Engineer,Hyderabad,1918308
38,Aarav Patel,apatel@example.com,Engineering,Director,Gurugram,352398
39,Aarav Pereira,apereira@example.com,Admin,Coordinator,Noida,431691
40,Aarav Phillips,aphillips@example.com,Finance,Coordinator,Pune,1354335
41,Aarav Raman,araman@example.com,HR,Engineer,Remote,680331
42,Aarav Rao,arao@example.com,Finance,Consultant,Bengaluru,2584331
43,Aarav Reddy,areddy@example.com,Engineering,Lead,Noida,2656043
44,Aarav Rodriguez,arodriguez@example.com,Engineering,Executive,Gurugram,2124769
45,Aarav Scott,ascott@example.com,Sales,Director,Mumbai,1657432
46,Aarav Sharma,asharma@example.com,Operations,Coordinator,Noida,2520870
47,Aarav Singh,asingh@example.com,Product,Manager,Mumbai,1292448
48,Aarav Smith,asmith@example.com,Finance,Coordinator,Chennai,2673315
49,Aarav Taylor,ataylor@example.com,Sales,Associate,Mumbai,380160
50,Aarav Thomas,athomas@example.com,Finance,Analyst,Mumbai,632697
51,Aarav Thompson,athompson@example.com,HR,Coordinator,Bengaluru,2506527
52,Aarav Varma,avarma@example.com,Sales,Executive,Noida,1248574
53,Aarav Verma,averma@example.com,QA,Lead,Remote,2766806
54,Aarav Wang,awang@example.com,Product,Engineer,Noida,2057333
55,Aarav White,awhite@example.com,Sales,Manager,Bengaluru,2157959
56,Aarav Williams,awilliams@example.com,IT Support,Specialist,Kochi,2308843
57,Aarav Zhang,azhang@example.com,HR,Manager,Chennai,2038716
58,Aditya Agarwal,aagarwal2@example.com,IT Support,Manager,Mumbai,1153587
59,Aditya Anderson,aanderson2@example.com,Sales,Director,Noida,937967
60,Aditya Babu,ababu2@example.com,Operations,Lead,Pune,2290402
61,Aditya Baker,abaker2@example.com,Sales,Manager,Noida,2658231
62,Aditya Banerjee,abanerjee2@example.com,Finance,Analyst,Gurugram,411898
63,Aditya Bennett,abennett2@example.com,Finance,Engineer,Hyderabad,2054624
64,Aditya Brown,abrown2@example.com,Product,Consultant,Mumbai,2032084
65,Aditya Chandra,achandra2@example.com,HR,Lead,Kochi,359040
66,Aditya Chen,achen2@example.com,Operations,Executive,Noida,1546421
67,Aditya Clark,aclark2@example.com,Operations,Director,Noida,999264
68,Aditya Collins,acollins2@example.com,Sales,Executive,Mumbai,595296
69,Aditya Das,adas2@example.com,Admin,Director,Chennai,1665353
70,Aditya Desai,adesai2@example.com,HR,Analyst,Remote,2349795
71,Aditya Dixon,adixon2@example.com,QA,Director,Hyderabad,588570
72,Aditya Fisher,afisher2@example.com,QA,Manager,Hyderabad,637399
73,Aditya García,agarcía2@example.com,Admin,Manager,Mumbai,2043557
74,Aditya Gonzalez,agonzalez2@example.com,Finance,Associate,Mumbai,2778162
75,Aditya Green,agreen2@example.com,Admin,Analyst,Remote,693863
76,Aditya Gupta,agupta2@example.com,Operations,Associate,Remote,2542709
77,Aditya Harris,aharris2@example.com,IT Support,Executive,Mumbai,1667782
78,Aditya Hernandez,ahernandez2@example.com,Sales,Executive,Kochi,898943
79,Aditya Iyer,aiyer2@example.com,Marketing,Consultant,Delhi,654267
80,Aditya Jain,ajain2@example.com,HR,Consultant,Remote,2711366
81,Aditya Johnson,ajohnson2@example.com,Finance,Manager,Gurugram,1244033
82,Aditya Jones,ajones2@example.com,QA,Executive,Hyderabad,1813849
83,Aditya Khan,akhan2@example.com,Finance,Engineer,Delhi,1545323
84,Aditya Kumar,akumar2@example.com,Engineering,Consultant,Gurugram,1618848
85,Aditya Lakshmi,alakshmi2@example.com,Admin,Director,Chennai,2676170
86,Aditya Lee,alee2@example.com,Marketing,Manager,Hyderabad,1459250
87,Aditya Lewis,alewis2@example.com,Finance,Manager,Gurugram,1001995
88,Aditya Martinez,amartinez2@example.com,Marketing,Executive,Remote,1233444
89,Aditya Mehta,amehta2@example.com,IT Support,Engineer,Pune,2469839
90,Aditya Mishra,amishra2@example.com,Product,Executive,Chennai,737127
91,Aditya Morgan,amorgan2@example.com,Operations,Executive,Chennai,364871
92,Aditya Murphy,amurphy2@example.com,IT Support,Lead,Pune,1027723
93,Aditya Nguyen,anguyen2@example.com,Product,Director,Kochi,2702613
94,Aditya Nolan,anolan2@example.com,HR,Manager,Bengaluru,975178
95,Aditya Patel,apatel2@example.com,QA,Analyst,Delhi,2793222
96,Aditya Pereira,apereira2@example.com,QA,Lead,Kochi,884545
97,Aditya Phillips,aphillips2@example.com,HR,Executive,Delhi,517331
98,Aditya Raman,araman2@example.com,IT Support,Engineer,Mumbai,781147
99,Aditya Rao,arao2@example.com,IT Support,Director,Kochi,998243
100,Aditya Reddy,areddy2@example.com,Sales,Lead,Hyderabad,2079288
101,Aditya Rodriguez,arodriguez2@example.com,HR,Lead,Delhi,2076850
102,Aditya Scott,ascott2@example.com,Sales,Executive,Hyderabad,803385
103,Aditya Sharma,asharma2@example.com,Operations,Analyst,Noida,1282954
104,Aditya Singh,asingh2@example.com,Sales,Consultant,Delhi,1630063
105,Aditya Smith,asmith2@example.com,Sales,Engineer,Chennai,1160045
106,Aditya Taylor,ataylor2@example.com,Operations,Coordinator,Pune,641171
107,Aditya Thomas,athomas2@example.com,Marketing,Coordinator,Gurugram,2026372
108,Aditya Thompson,athompson2@example.com,QA,Coordinator,Chennai,833778
109,Aditya Varma,avarma2@example.com,Marketing,Lead,Remote,1463446
110,Aditya Verma,averma2@example.com,HR,Manager,Remote,2172692
111,Aditya Wang,awang2@example.com,IT Support,Coordinator,Kochi,2495063
112,Aditya White,awhite2@example.com,Finance,Specialist,Remote,1147248
113,Aditya Williams,awilliams2@example.com,Marketing,Analyst,Kochi,357093
114,Aditya Zhang,azhang2@example.com,QA,Director,Mumbai,1877655
115,Aisha Agarwal,aagarwal3@example.com,Operations,Manager,Delhi,1666657
116,Aisha Anderson,aanderson3@example.com,Finance,Executive,Gurugram,1647233
117,Aisha Babu,ababu3@example.com,Operations,Coordinator,Kochi,1590067
118,Aisha Baker,abaker3@example.com,QA,Lead,Mumbai,2113479
119,Aisha Banerjee,abanerjee3@example.com,Operations,Lead,Remote,2737000
120,Aisha Bennett,abennett3@example.com,Marketing,Specialist,Gurugram,351702
121,Aisha Brown,abrown3@example.com,Marketing,Executive,Mumbai,2153081
122,Aisha Chandra,achandra3@example.com,Admin,Associate,Delhi,2300301
123,Aisha Chen,achen3@example.com,Product,Consultant,Mumbai,2494019
124,Aisha Clark,aclark3@example.com,Product,Lead,Bengaluru,1540286
125,Aisha Collins,acollins3@example.com,QA,Associate,Delhi,741694
126,Aisha Das,adas3@example.com,Sales,Executive,Mumbai,1185211
127,Aisha Desai,adesai3@example.com,Engineering,Analyst,Chennai,1376944
128,Aisha Dixon,adixon3@example.com,Product,Associate,Bengaluru,2260153
129,Aisha Fisher,afisher3@example.com,Operations,Associate,Mumbai,1960522
130,Aisha García,agarcía3@example.com,Product,Specialist,Mumbai,968959
131,Aisha Gonzalez,agonzalez3@example.com,HR,Manager,Kochi,1267886
132,Aisha Green,agreen3@example.com,Engineering,Director,Noida,560631
133,Aisha Gupta,agupta3@example.com,QA,Engineer,Bengaluru,2264539
134,Aisha Harris,aharris3@example.com,Engineering,Consultant,Gurugram,2694302
135,Aisha Hernandez,ahernandez3@example.com,Admin,Coordinator,Noida,2467193
136,Aisha Iyer,aiyer3@example.com,Operations,Director,Noida,1017556
137,Aisha Jain,ajain3@example.com,Product,Consultant,Pune,1386998
138,Aisha Johnson,ajohnson3@example.com,Marketing,Director,Noida,1353469
139,Aisha Jones,ajones3@example.com,Marketing,Consultant,Bengaluru,1548430
140,Aisha Khan,akhan3@example.com,Sales,Executive,Delhi,1690959
141,Aisha Kumar,akumar3@example.com,QA,Manager,Hyderabad,982629
142,Aisha Lakshmi,alakshmi3@example.com,Sales,Specialist,Hyderabad,1247383
143,Aisha Lee,alee3@example.com,Finance,Specialist,Kochi,1737817
144,Aisha Lewis,alewis3@example.com,QA,Consultant,Kochi,611161
145,Aisha Martinez,amartinez3@example.com,Sales,Specialist,Kochi,2799806
146,Aisha Mehta,amehta3@example.com,HR,Associate,Kochi,2350598
147,Aisha Mishra,amishra3@example.com,HR,Coordinator,Pune,1985722
148,Aisha Morgan,amorgan3@example.com,Operations,Director,Gurugram,1275006
149,Aisha Murphy,amurphy3@example.com,Product,Engineer,Pune,2178028
150,Aisha Nguyen,anguyen3@example.com,Product,Analyst,Kochi,1759829
151,Aisha Nolan,anolan3@example.com,Operations,Lead,Noida,885309
152,Aisha Patel,apatel3@example.com,Admin,Director,Chennai,2002640
153,Aisha Pereira,apereira3@example.com,Admin,Associate,Chennai,702101
154,Aisha Phillips,aphillips3@example.com,Operations,Lead,Noida,1112226
155,Aisha Raman,araman3@example.com,HR,Executive,Kochi,1723016
156,Aisha Rao,arao3@example.com,Sales,Consultant,Delhi,1765579
157,Aisha Reddy,areddy3@example.com,Operations,Executive,Kochi,1408103
158,Aisha Rodriguez,arodriguez3@example.com,Finance,Consultant,Chennai,2612487
159,Aisha Scott,ascott3@example.com,HR,Coordinator,Mumbai,637806
160,Aisha Sharma,asharma3@example.com,HR,Analyst,Mumbai,1186179
161,Aisha Singh,asingh3@example.com,HR,Associate,Hyderabad,1350530
162,Aisha Smith,asmith3@example.com,Engineering,Consultant,Bengaluru,2715459
163,Aisha Taylor,ataylor3@example.com,Sales,Consultant,Pune,1897258
164,Aisha Thomas,athomas3@example.com,Engineering,Associate,Remote,830385
165,Aisha Thompson,athompson3@example.com,Engineering,Executive,Bengaluru,2777179
166,Aisha Varma,avarma3@example.com,HR,Executive,Remote,1924151
167,Aisha Verma,averma3@example.com,Operations,Engineer,Bengaluru,1368584
168,Aisha Wang,awang3@example.com,Finance,Executive,Remote,857741
169,Aisha White,awhite3@example.com,Admin,Analyst,Delhi,2584495
170,Aisha Williams,awilliams3@example.com,Operations,Coordinator,Bengaluru,2472153
171,Aisha Zhang,azhang3@example.com,IT Support,Analyst,Kochi,2406054
172,Akshay Agarwal,aagarwal4@example.com,Finance,Specialist,Delhi,2278286
173,Akshay Anderson,aanderson4@example.com,Engineering,Specialist,Hyderabad,2538364
174,Akshay Babu,ababu4@example.com,Marketing,Associate,Gurugram,2377935
175,Akshay Baker,abaker4@example.com,Product,Specialist,Remote,1475732
176,Akshay Banerjee,abanerjee4@example.com,IT Support,Engineer,Bengaluru,1519909
177,Akshay Bennett,abennett4@example.com,Product,Engineer,Noida,2740122
178,Akshay Brown,abrown4@example.com,Admin,Specialist,Delhi,470376
179,Akshay Chandra,achandra4@example.com,Product,Coordinator,Hyderabad,2394932
180,Akshay Chen,achen4@example.com,Sales,Coordinator,Pune,1777484
181,Akshay Clark,aclark4@example.com,Marketing,Associate,Pune,2681156
182,Akshay Collins,acollins4@example.com,HR,Director,Mumbai,709086
183,Akshay Das,adas4@example.com,Sales,Specialist,Noida,2678577
184,Akshay Desai,adesai4@example.com,Sales,Consultant,Noida,2229780
185,Akshay Dixon,adixon4@example.com,HR,Manager,Pune,1279442
186,Akshay Fisher,afisher4@example.com,Operations,Engineer,Pune,2789220
187,Akshay García,agarcía4@example.com,IT Support,Consultant,Gurugram,2576847
188,Akshay Gonzalez,agonzalez4@example.com,IT Support,Specialist,Gurugram,1737439
189,Akshay Green,agreen4@example.com,IT Support,Consultant,Pune,1636070
190,Akshay Gupta,agupta4@example.com,Marketing,Engineer,Bengaluru,1157757
191,Akshay Harris,aharris4@example.com,IT Support,Manager,Gurugram,1126574
192,Akshay Hernandez,ahernandez4@example.com,Sales,Engineer,Noida,1509723
193,Akshay Iyer,aiyer4@example.com,Admin,Director,Remote,1536982
194,Akshay Jain,ajain4@example.com,Finance,Engineer,Pune,1304133
195,Akshay Johnson,ajohnson4@example.com,IT Support,Lead,Pune,409342
196,Akshay Jones,ajones4@example.com,QA,Lead,Pune,540906
197,Akshay Khan,akhan4@example.com,HR,Director,Pune,879654
198,Akshay Kumar,akumar4@example.com,Product,Manager,Chennai,2757799
199,Akshay Lakshmi,alakshmi4@example.com,Marketing,Consultant,Noida,2197460
200,Akshay Lee,alee4@example.com,IT Support,Lead,Chennai,1408971
